keyword,search_volume,cpc,competition,difficulty,buyer_intent,score
how to install wink mod apk India,5268,1.32,28,52.68,0,1575.2
how to use wink mod apk India,5088,1.68,28,50.88,0,1521.3
wink mod apk India best practices,6740,2.69,39,67.4,1,2016.08
wink mod apk India review,6535,2.38,35,65.35,1,1955.17
wink mod apk India pricing,5842,2.44,35,58.42,1,1747.31
wink mod apk India step by step,5819,1.63,24,58.19,0,1741.39
wink mod apk India examples,5337,0.98,20,53.37,0,1597.39
wink mod apk India template,5152,1.23,20,51.52,0,1541.97
wink mod apk India strategy,5106,1.05,20,51.06,0,1528.12
wink mod apk India checklist,5102,1.23,20,51.02,0,1526.97
wink mod apk India common mistakes,4978,1.41,24,49.78,0,1489.02
wink mod apk India ideas,4963,1.18,20,49.63,0,1485.25
wink mod apk India tools,4787,1.24,20,47.87,0,1432.47
wink mod apk India guide,4244,1.42,20,42.44,0,1269.63
best wink mod apk India,4062,1.9,35,40.62,1,1212.93
wink mod apk India comparison,4007,2.26,35,40.07,1,1196.68
wink mod apk India how to choose,3630,1.33,28,36.3,0,1083.8
wink mod apk India tips,3405,1.43,20,34.05,0,1017.93
wink mod apk India pros and cons,3280,1.26,28,32.8,0,978.78
wink mod apk India for beginners,3119,1.55,24,31.19,0,931.37
wink mod apk India workflow,2073,1.1,20,20.73,0,618.23
wink mod apk India,1887,0.97,16,18.87,0,563.19
best wink mod apk,5284,2.13,31,52.84,1,1580.49
wink mod apk pricing,5044,1.83,31,50.44,1,1508.28
